{
  "hash": "f96d9b3e",
  "configHash": "f153b2d8",
  "lockfileHash": "441ba480",
  "browserHash": "d7a061ce",
  "optimized": {
    "@angular/common": {
      "src": "../../../../../node_modules/@angular/common/fesm2022/common.mjs",
      "file": "@angular_common.js",
      "fileHash": "d123b6a1",
      "needsInterop": false
    },
    "@angular/common/http": {
      "src": "../../../../../node_modules/@angular/common/fesm2022/http.mjs",
      "file": "@angular_common_http.js",
      "fileHash": "2ad54683",
      "needsInterop": false
    },
    "@angular/common/locales/en": {
      "src": "../../../../../node_modules/@angular/common/locales/en.mjs",
      "file": "@angular_common_locales_en.js",
      "fileHash": "5f6d9cac",
      "needsInterop": false
    },
    "@angular/core": {
      "src": "../../../../../node_modules/@angular/core/fesm2022/core.mjs",
      "file": "@angular_core.js",
      "fileHash": "aa63a413",
      "needsInterop": false
    },
    "@angular/forms": {
      "src": "../../../../../node_modules/@angular/forms/fesm2022/forms.mjs",
      "file": "@angular_forms.js",
      "fileHash": "787d4274",
      "needsInterop": false
    },
    "@angular/platform-browser": {
      "src": "../../../../../node_modules/@angular/platform-browser/fesm2022/platform-browser.mjs",
      "file": "@angular_platform-browser.js",
      "fileHash": "153f9a30",
      "needsInterop": false
    },
    "@angular/platform-browser/animations/async": {
      "src": "../../../../../node_modules/@angular/platform-browser/fesm2022/animations/async.mjs",
      "file": "@angular_platform-browser_animations_async.js",
      "fileHash": "088d56c9",
      "needsInterop": false
    },
    "@angular/router": {
      "src": "../../../../../node_modules/@angular/router/fesm2022/router.mjs",
      "file": "@angular_router.js",
      "fileHash": "09e2f34b",
      "needsInterop": false
    },
    "@ant-design/icons-angular/icons": {
      "src": "../../../../../node_modules/@ant-design/icons-angular/fesm2022/ant-design-icons-angular-icons.mjs",
      "file": "@ant-design_icons-angular_icons.js",
      "fileHash": "9c4f64ec",
      "needsInterop": false
    },
    "ng-zorro-antd/button": {
      "src": "../../../../../node_modules/ng-zorro-antd/fesm2022/ng-zorro-antd-button.mjs",
      "file": "ng-zorro-antd_button.js",
      "fileHash": "7ec77c48",
      "needsInterop": false
    },
    "ng-zorro-antd/card": {
      "src": "../../../../../node_modules/ng-zorro-antd/fesm2022/ng-zorro-antd-card.mjs",
      "file": "ng-zorro-antd_card.js",
      "fileHash": "b805df01",
      "needsInterop": false
    },
    "ng-zorro-antd/core/transition-patch": {
      "src": "../../../../../node_modules/ng-zorro-antd/fesm2022/ng-zorro-antd-core-transition-patch.mjs",
      "file": "ng-zorro-antd_core_transition-patch.js",
      "fileHash": "82cc1dc7",
      "needsInterop": false
    },
    "ng-zorro-antd/core/wave": {
      "src": "../../../../../node_modules/ng-zorro-antd/fesm2022/ng-zorro-antd-core-wave.mjs",
      "file": "ng-zorro-antd_core_wave.js",
      "fileHash": "5d9fba20",
      "needsInterop": false
    },
    "ng-zorro-antd/i18n": {
      "src": "../../../../../node_modules/ng-zorro-antd/fesm2022/ng-zorro-antd-i18n.mjs",
      "file": "ng-zorro-antd_i18n.js",
      "fileHash": "368b1011",
      "needsInterop": false
    },
    "ng-zorro-antd/icon": {
      "src": "../../../../../node_modules/ng-zorro-antd/fesm2022/ng-zorro-antd-icon.mjs",
      "file": "ng-zorro-antd_icon.js",
      "fileHash": "943fbbec",
      "needsInterop": false
    },
    "ng-zorro-antd/layout": {
      "src": "../../../../../node_modules/ng-zorro-antd/fesm2022/ng-zorro-antd-layout.mjs",
      "file": "ng-zorro-antd_layout.js",
      "fileHash": "da7e7b21",
      "needsInterop": false
    },
    "ng-zorro-antd/menu": {
      "src": "../../../../../node_modules/ng-zorro-antd/fesm2022/ng-zorro-antd-menu.mjs",
      "file": "ng-zorro-antd_menu.js",
      "fileHash": "7cb96683",
      "needsInterop": false
    }
  },
  "chunks": {
    "browser-SE3K5W2P": {
      "file": "browser-SE3K5W2P.js"
    },
    "chunk-KMRFYT4S": {
      "file": "chunk-KMRFYT4S.js"
    },
    "chunk-R73I3W6C": {
      "file": "chunk-R73I3W6C.js"
    },
    "chunk-7E6OG6YR": {
      "file": "chunk-7E6OG6YR.js"
    },
    "chunk-MAG246RO": {
      "file": "chunk-MAG246RO.js"
    },
    "chunk-LCDB55LC": {
      "file": "chunk-LCDB55LC.js"
    },
    "chunk-PLL37JD2": {
      "file": "chunk-PLL37JD2.js"
    },
    "chunk-LT5NPEHN": {
      "file": "chunk-LT5NPEHN.js"
    },
    "chunk-FFYTNSWL": {
      "file": "chunk-FFYTNSWL.js"
    },
    "chunk-4ZOV7MK4": {
      "file": "chunk-4ZOV7MK4.js"
    },
    "chunk-RKB6EDF5": {
      "file": "chunk-RKB6EDF5.js"
    },
    "chunk-HSYVEA6A": {
      "file": "chunk-HSYVEA6A.js"
    },
    "chunk-5QBFNWJX": {
      "file": "chunk-5QBFNWJX.js"
    },
    "chunk-3GC3JQFY": {
      "file": "chunk-3GC3JQFY.js"
    },
    "chunk-JEJUSBWM": {
      "file": "chunk-JEJUSBWM.js"
    },
    "chunk-GNJO23XB": {
      "file": "chunk-GNJO23XB.js"
    },
    "chunk-NGAD4YFJ": {
      "file": "chunk-NGAD4YFJ.js"
    },
    "chunk-N2JJNCCI": {
      "file": "chunk-N2JJNCCI.js"
    },
    "chunk-J4B6MK7R": {
      "file": "chunk-J4B6MK7R.js"
    }
  }
}